{"cameraMode":{"drawMode":0,"name":"Shaded","section":"Shading Mode"},"sceneLighting":true,"audioPlay":false,"sceneViewState":{"showFog":true,"showMaterialUpdate":true,"showSkybox":true,"showFlares":true,"showImageEffects":true,"showParticleSystems":true},"in2DMode":false,"pivot":{"x":0.04316568374633789,"y":0.2841668426990509,"z":12.0048828125},"rotation":{"x":-0.08313252776861191,"y":-0.6990832090377808,"z":0.08238684386014939,"w":-0.7053964138031006},"size":1.3785583972930909,"orthographic":false}