{"cameraMode":{"drawMode":0,"name":"Shaded","section":"Shading Mode"},"sceneLighting":true,"audioPlay":false,"sceneViewState":{"showFog":true,"showMaterialUpdate":true,"showSkybox":true,"showFlares":true,"showImageEffects":true,"showParticleSystems":true},"in2DMode":false,"pivot":{"x":459.5,"y":352.555908203125,"z":164.28016662597657},"rotation":{"x":-0.06757797300815582,"y":-0.07267092168331146,"z":0.004935085773468018,"w":-0.9950516819953919},"size":747.0104370117188,"orthographic":false}