{"cameraMode":{"drawMode":0,"name":"Shaded","section":"Shading Mode"},"sceneLighting":false,"audioPlay":false,"sceneViewState":{"showFog":true,"showMaterialUpdate":true,"showSkybox":false,"showFlares":true,"showImageEffects":true,"showParticleSystems":true},"in2DMode":false,"pivot":{"x":577.4041137695313,"y":341.5135803222656,"z":16.75238037109375},"rotation":{"x":-0.021307818591594697,"y":-0.002402364043518901,"z":0.00005089248588774353,"w":-0.9997701048851013},"size":778.7802124023438,"orthographic":false}