{"cameraMode":{"drawMode":0,"name":"Shaded","section":"Shading Mode"},"sceneLighting":true,"audioPlay":false,"sceneViewState":{"showFog":true,"showMaterialUpdate":true,"showSkybox":true,"showFlares":true,"showImageEffects":true,"showParticleSystems":true},"in2DMode":false,"pivot":{"x":8.046627044677734e-7,"y":0.08426651358604431,"z":12.0},"rotation":{"x":-0.260764479637146,"y":-0.7097166776657105,"z":0.3261861503124237,"w":-0.5673683285713196},"size":1.3785583972930909,"orthographic":false}